{
  "credit": "Made with Blockbench",
  "parent": "light_pole",
  "texture_size": [
    64,
    64
  ],
  "elements": [
    {
      "from": [
        6,
        0,
        7
      ],
      "to": [
        9,
        4,
        10
      ],
      "faces": {
        "north": {
          "uv": [
            5.75,
            0,
            6.5,
            1
          ],
          "texture": "#0"
        },
        "east": {
          "uv": [
            3.5,
            5.75,
            4.25,
            6.75
          ],
          "texture": "#0"
        },
        "south": {
          "uv": [
            6,
            1,
            6.75,
            2
          ],
          "texture": "#0"
        },
        "west": {
          "uv": [
            6,
            2,
            6.75,
            3
          ],
          "texture": "#0"
        },
        "up": {
          "uv": [
            0.75,
            7,
            0,
            6.25
          ],
          "texture": "#0"
        },
        "down": {
          "uv": [
            1.5,
            6.25,
            0.75,
            7
          ],
          "texture": "#0"
        }
      }
    },
    {
      "from": [
        6,
        18,
        7
      ],
      "to": [
        9,
        25,
        10
      ],
      "faces": {
        "north": {
          "uv": [
            4.75,
            3,
            5.5,
            4.75
          ],
          "texture": "#0"
        },
        "east": {
          "uv": [
            4.75,
            4.75,
            5.5,
            6.5
          ],
          "texture": "#0"
        },
        "south": {
          "uv": [
            5.5,
            3,
            6.25,
            4.75
          ],
          "texture": "#0"
        },
        "west": {
          "uv": [
            5.5,
            4.75,
            6.25,
            6.5
          ],
          "texture": "#0"
        },
        "up": {
          "uv": [
            2.25,
            7,
            1.5,
            6.25
          ],
          "texture": "#0"
        },
        "down": {
          "uv": [
            7,
            3.5,
            6.25,
            4.25
          ],
          "texture": "#0"
        }
      }
    },
    {
      "from": [
        3,
        31,
        3
      ],
      "to": [
        12,
        32,
        14
      ],
      "faces": {
        "north": {
          "uv": [
            6.25,
            4.25,
            8.5,
            4.5
          ],
          "texture": "#0"
        },
        "east": {
          "uv": [
            6.25,
            3,
            9,
            3.25
          ],
          "texture": "#0"
        },
        "south": {
          "uv": [
            6.25,
            4.5,
            8.5,
            4.75
          ],
          "texture": "#0"
        },
        "west": {
          "uv": [
            6.25,
            3.25,
            9,
            3.5
          ],
          "texture": "#0"
        },
        "up": {
          "uv": [
            2.25,
            2.75,
            0,
            0
          ],
          "texture": "#0"
        },
        "down": {
          "uv": [
            4.5,
            0,
            2.25,
            2.75
          ],
          "texture": "#0"
        }
      }
    },
    {
      "from": [
        4,
        24,
        5
      ],
      "to": [
        11,
        25,
        12
      ],
      "faces": {
        "north": {
          "uv": [
            6.25,
            4.75,
            8,
            5
          ],
          "texture": "#0"
        },
        "east": {
          "uv": [
            6.25,
            5,
            8,
            5.25
          ],
          "texture": "#0"
        },
        "south": {
          "uv": [
            6.25,
            5.25,
            8,
            5.5
          ],
          "texture": "#0"
        },
        "west": {
          "uv": [
            6.25,
            5.5,
            8,
            5.75
          ],
          "texture": "#0"
        },
        "up": {
          "uv": [
            1.75,
            4.5,
            0,
            2.75
          ],
          "texture": "#0"
        },
        "down": {
          "uv": [
            3.5,
            2.75,
            1.75,
            4.5
          ],
          "texture": "#0"
        }
      }
    },
    {
      "from": [
        5,
        25,
        6
      ],
      "to": [
        10,
        31,
        11
      ],
      "faces": {
        "north": {
          "uv": [
            3.5,
            2.75,
            4.75,
            4.5
          ],
          "texture": "#0"
        },
        "east": {
          "uv": [
            0,
            4.5,
            1.25,
            6.25
          ],
          "texture": "#0"
        },
        "south": {
          "uv": [
            4.5,
            0,
            5.75,
            1.75
          ],
          "texture": "#0"
        },
        "west": {
          "uv": [
            1.25,
            4.5,
            2.5,
            6.25
          ],
          "texture": "#0"
        },
        "up": {
          "uv": [
            4.75,
            5.75,
            3.5,
            4.5
          ],
          "texture": "#0"
        },
        "down": {
          "uv": [
            6,
            1.75,
            4.75,
            3
          ],
          "texture": "#0"
        }
      }
    },
    {
      "from": [
        7,
        4,
        8
      ],
      "to": [
        8,
        18,
        9
      ],
      "faces": {
        "north": {
          "uv": [
            2.5,
            4.5,
            2.75,
            11.5
          ],
          "texture": "#0"
        },
        "east": {
          "uv": [
            2.75,
            4.5,
            3,
            11.5
          ],
          "texture": "#0"
        },
        "south": {
          "uv": [
            3,
            4.5,
            3.25,
            11.5
          ],
          "texture": "#0"
        },
        "west": {
          "uv": [
            3.25,
            4.5,
            3.5,
            11.5
          ],
          "texture": "#0"
        },
        "up": {
          "uv": [
            4.75,
            2,
            4.5,
            1.75
          ],
          "texture": "#0"
        },
        "down": {
          "uv": [
            4.75,
            2,
            4.5,
            2.25
          ],
          "texture": "#0"
        }
      }
    }
  ],
  "display": {
    "thirdperson_righthand": {
      "translation": [
        0.75,
        0,
        1
      ]
    },
    "thirdperson_lefthand": {
      "translation": [
        -0.75,
        -0.5,
        0.75
      ]
    },
    "firstperson_righthand": {
      "rotation": [
        -6.75,
        0,
        0
      ],
      "translation": [
        7.75,
        -7.5,
        -6.25
      ]
    },
    "firstperson_lefthand": {
      "rotation": [
        -5,
        0,
        0
      ],
      "translation": [
        6.5,
        -8.75,
        -6.5
      ]
    },
    "ground": {
      "translation": [
        0,
        6.25,
        0
      ]
    },
    "gui": {
      "rotation": [
        -37.72,
        -18.41,
        -51.93
      ],
      "translation": [
        -3.25,
        -4,
        0
      ],
      "scale": [
        0.46,
        0.49,
        0.87
      ]
    },
    "fixed": {
      "rotation": [
        18.68,
        13.65,
        -63.73
      ],
      "translation": [
        -6,
        -2.75,
        -2.25
      ]
    }
  },
  "groups": [
    {
      "name": "Core",
      "origin": [
        8,
        8,
        8
      ],
      "color": 0,
      "children": [
        0,
        1,
        2,
        3,
        4,
        5
      ]
    }
  ]
}