{
  "credit": "Made with Blockbench",
  "parent": "moonrayys_sword",
  "texture_size": [
    64,
    64
  ],
  "elements": [
    {
      "from": [
        8.31,
        2.3,
        1.31
      ],
      "to": [
        8.31,
        3.3,
        7.31
      ],
      "rotation": {
        "angle": 0,
        "axis": "y",
        "origin": [
          8.6,
          2.3,
          7.4
        ]
      },
      "faces": {
        "north": {
          "uv": [
            9,
            5.25,
            9,
            5.5
          ],
          "texture": "#0"
        },
        "east": {
          "uv": [
            7.5,
            5.25,
            9,
            5.5
          ],
          "texture": "#0"
        },
        "south": {
          "uv": [
            10.5,
            5.25,
            10.5,
            5.5
          ],
          "texture": "#0"
        },
        "west": {
          "uv": [
            9,
            5.25,
            10.5,
            5.5
          ],
          "texture": "#0"
        },
        "up": {
          "uv": [
            9,
            5.25,
            9,
            3.75
          ],
          "texture": "#0"
        },
        "down": {
          "uv": [
            9,
            3.75,
            9,
            5.25
          ],
          "texture": "#0"
        }
      }
    },
    {
      "from": [
        8.11,
        2.4,
        2.21
      ],
      "to": [
        8.51,
        3.2,
        4.01
      ],
      "rotation": {
        "angle": 0,
        "axis": "y",
        "origin": [
          8.8,
          2.3,
          7.2
        ]
      },
      "faces": {
        "north": {
          "uv": [
            5.75,
            8.25,
            5.75,
            8.25
          ],
          "texture": "#0"
        },
        "east": {
          "uv": [
            5.5,
            8.25,
            5.75,
            8.25
          ],
          "texture": "#0"
        },
        "south": {
          "uv": [
            6,
            8.25,
            6,
            8.25
          ],
          "texture": "#0"
        },
        "west": {
          "uv": [
            5.75,
            8.25,
            6,
            8.25
          ],
          "texture": "#0"
        },
        "up": {
          "uv": [
            5.75,
            8.25,
            5.75,
            8
          ],
          "texture": "#0"
        },
        "down": {
          "uv": [
            5.75,
            8,
            5.75,
            8.25
          ],
          "texture": "#0"
        }
      }
    },
    {
      "from": [
        8.11,
        1.5,
        -1.29
      ],
      "to": [
        8.51,
        2.3,
        0.51
      ],
      "rotation": {
        "angle": 22.5,
        "axis": "x",
        "origin": [
          8.8,
          1.4,
          3.7
        ]
      },
      "faces": {
        "north": {
          "uv": [
            6.25,
            8.25,
            6.25,
            8.25
          ],
          "texture": "#0"
        },
        "east": {
          "uv": [
            6,
            8.25,
            6.25,
            8.25
          ],
          "texture": "#0"
        },
        "south": {
          "uv": [
            6.5,
            8.25,
            6.5,
            8.25
          ],
          "texture": "#0"
        },
        "west": {
          "uv": [
            6.25,
            8.25,
            6.5,
            8.25
          ],
          "texture": "#0"
        },
        "up": {
          "uv": [
            6.25,
            8.25,
            6.25,
            8
          ],
          "texture": "#0"
        },
        "down": {
          "uv": [
            6.25,
            8,
            6.25,
            8.25
          ],
          "texture": "#0"
        }
      }
    },
    {
      "from": [
        8.11,
        2.4,
        -3.39
      ],
      "to": [
        8.51,
        3.2,
        -1.59
      ],
      "rotation": {
        "angle": 22.5,
        "axis": "x",
        "origin": [
          8.8,
          2.3,
          1.6
        ]
      },
      "faces": {
        "north": {
          "uv": [
            6.75,
            8.25,
            6.75,
            8.25
          ],
          "texture": "#0"
        },
        "east": {
          "uv": [
            6.5,
            8.25,
            6.75,
            8.25
          ],
          "texture": "#0"
        },
        "south": {
          "uv": [
            7,
            8.25,
            7,
            8.25
          ],
          "texture": "#0"
        },
        "west": {
          "uv": [
            6.75,
            8.25,
            7,
            8.25
          ],
          "texture": "#0"
        },
        "up": {
          "uv": [
            6.75,
            8.25,
            6.75,
            8
          ],
          "texture": "#0"
        },
        "down": {
          "uv": [
            6.75,
            8,
            6.75,
            8.25
          ],
          "texture": "#0"
        }
      }
    },
    {
      "from": [
        8.11,
        3.3,
        -5.49
      ],
      "to": [
        8.51,
        4.1,
        -3.69
      ],
      "rotation": {
        "angle": 22.5,
        "axis": "x",
        "origin": [
          8.8,
          3.2,
          -0.5
        ]
      },
      "faces": {
        "north": {
          "uv": [
            7.25,
            8.25,
            7.25,
            8.25
          ],
          "texture": "#0"
        },
        "east": {
          "uv": [
            7,
            8.25,
            7.25,
            8.25
          ],
          "texture": "#0"
        },
        "south": {
          "uv": [
            7.5,
            8.25,
            7.5,
            8.25
          ],
          "texture": "#0"
        },
        "west": {
          "uv": [
            7.25,
            8.25,
            7.5,
            8.25
          ],
          "texture": "#0"
        },
        "up": {
          "uv": [
            7.25,
            8.25,
            7.25,
            8
          ],
          "texture": "#0"
        },
        "down": {
          "uv": [
            7.25,
            8,
            7.25,
            8.25
          ],
          "texture": "#0"
        }
      }
    },
    {
      "from": [
        8.11,
        4.3,
        -7.89
      ],
      "to": [
        8.51,
        5.1,
        -6.09
      ],
      "rotation": {
        "angle": 22.5,
        "axis": "x",
        "origin": [
          8.8,
          4.2,
          -2.9
        ]
      },
      "faces": {
        "north": {
          "uv": [
            5.75,
            8.5,
            5.75,
            8.5
          ],
          "texture": "#0"
        },
        "east": {
          "uv": [
            5.5,
            8.5,
            5.75,
            8.5
          ],
          "texture": "#0"
        },
        "south": {
          "uv": [
            6,
            8.5,
            6,
            8.5
          ],
          "texture": "#0"
        },
        "west": {
          "uv": [
            5.75,
            8.5,
            6,
            8.5
          ],
          "texture": "#0"
        },
        "up": {
          "uv": [
            5.75,
            8.5,
            5.75,
            8.25
          ],
          "texture": "#0"
        },
        "down": {
          "uv": [
            5.75,
            8.25,
            5.75,
            8.5
          ],
          "texture": "#0"
        }
      }
    },
    {
      "from": [
        8.11,
        5.2,
        -9.99
      ],
      "to": [
        8.51,
        6,
        -8.19
      ],
      "rotation": {
        "angle": 22.5,
        "axis": "x",
        "origin": [
          8.8,
          5.1,
          -5
        ]
      },
      "faces": {
        "north": {
          "uv": [
            6.25,
            8.5,
            6.25,
            8.5
          ],
          "texture": "#0"
        },
        "east": {
          "uv": [
            6,
            8.5,
            6.25,
            8.5
          ],
          "texture": "#0"
        },
        "south": {
          "uv": [
            6.5,
            8.5,
            6.5,
            8.5
          ],
          "texture": "#0"
        },
        "west": {
          "uv": [
            6.25,
            8.5,
            6.5,
            8.5
          ],
          "texture": "#0"
        },
        "up": {
          "uv": [
            6.25,
            8.5,
            6.25,
            8.25
          ],
          "texture": "#0"
        },
        "down": {
          "uv": [
            6.25,
            8.25,
            6.25,
            8.5
          ],
          "texture": "#0"
        }
      }
    },
    {
      "from": [
        8.31,
        1.3,
        1.31
      ],
      "to": [
        8.31,
        2.3,
        7.31
      ],
      "rotation": {
        "angle": 0,
        "axis": "y",
        "origin": [
          8.6,
          1.3,
          7.4
        ]
      },
      "faces": {
        "north": {
          "uv": [
            9,
            7,
            9,
            7.25
          ],
          "texture": "#0"
        },
        "east": {
          "uv": [
            7.5,
            7,
            9,
            7.25
          ],
          "texture": "#0"
        },
        "south": {
          "uv": [
            10.5,
            7,
            10.5,
            7.25
          ],
          "texture": "#0"
        },
        "west": {
          "uv": [
            9,
            7,
            10.5,
            7.25
          ],
          "texture": "#0"
        },
        "up": {
          "uv": [
            9,
            7,
            9,
            5.5
          ],
          "texture": "#0"
        },
        "down": {
          "uv": [
            9,
            5.5,
            9,
            7
          ],
          "texture": "#0"
        }
      }
    },
    {
      "from": [
        8.31,
        2.4,
        -13.25
      ],
      "to": [
        8.31,
        3.4,
        1.75
      ],
      "rotation": {
        "angle": 22.5,
        "axis": "x",
        "origin": [
          8.6,
          3.27,
          1.52
        ]
      },
      "faces": {
        "north": {
          "uv": [
            3.75,
            3.75,
            3.75,
            4
          ],
          "texture": "#0"
        },
        "east": {
          "uv": [
            0,
            3.75,
            3.75,
            4
          ],
          "texture": "#0"
        },
        "south": {
          "uv": [
            7.5,
            3.75,
            7.5,
            4
          ],
          "texture": "#0"
        },
        "west": {
          "uv": [
            3.75,
            3.75,
            7.5,
            4
          ],
          "texture": "#0"
        },
        "up": {
          "uv": [
            3.75,
            3.75,
            3.75,
            0
          ],
          "texture": "#0"
        },
        "down": {
          "uv": [
            3.75,
            0,
            3.75,
            3.75
          ],
          "texture": "#0"
        }
      }
    },
    {
      "from": [
        8.31,
        1.3,
        -13.35
      ],
      "to": [
        8.31,
        2.3,
        1.65
      ],
      "rotation": {
        "angle": 22.5,
        "axis": "x",
        "origin": [
          8.6,
          2.17,
          1.42
        ]
      },
      "faces": {
        "north": {
          "uv": [
            3.75,
            7.75,
            3.75,
            8
          ],
          "texture": "#0"
        },
        "east": {
          "uv": [
            0,
            7.75,
            3.75,
            8
          ],
          "texture": "#0"
        },
        "south": {
          "uv": [
            7.5,
            7.75,
            7.5,
            8
          ],
          "texture": "#0"
        },
        "west": {
          "uv": [
            3.75,
            7.75,
            7.5,
            8
          ],
          "texture": "#0"
        },
        "up": {
          "uv": [
            3.75,
            7.75,
            3.75,
            4
          ],
          "texture": "#0"
        },
        "down": {
          "uv": [
            3.75,
            4,
            3.75,
            7.75
          ],
          "texture": "#0"
        }
      }
    },
    {
      "from": [
        7.71,
        1.145,
        8.16
      ],
      "to": [
        8.71,
        3.145,
        15.16
      ],
      "rotation": {
        "angle": 0,
        "axis": "y",
        "origin": [
          8,
          1,
          7
        ]
      },
      "faces": {
        "north": {
          "uv": [
            9.25,
            3.25,
            9.5,
            3.75
          ],
          "texture": "#0"
        },
        "east": {
          "uv": [
            7.5,
            3.25,
            9.25,
            3.75
          ],
          "texture": "#0"
        },
        "south": {
          "uv": [
            11.25,
            3.25,
            11.5,
            3.75
          ],
          "texture": "#0"
        },
        "west": {
          "uv": [
            9.5,
            3.25,
            11.25,
            3.75
          ],
          "texture": "#0"
        },
        "up": {
          "uv": [
            9.5,
            3.25,
            9.25,
            1.5
          ],
          "texture": "#0"
        },
        "down": {
          "uv": [
            9.75,
            1.5,
            9.5,
            3.25
          ],
          "texture": "#0"
        }
      }
    },
    {
      "from": [
        6.71,
        0.145,
        12.16
      ],
      "to": [
        9.71,
        4.145,
        13.16
      ],
      "rotation": {
        "angle": 0,
        "axis": "x",
        "origin": [
          8,
          1,
          11
        ]
      },
      "faces": {
        "north": {
          "uv": [
            7.75,
            7.5,
            8.5,
            8.5
          ],
          "texture": "#0"
        },
        "east": {
          "uv": [
            7.5,
            7.5,
            7.75,
            8.5
          ],
          "texture": "#0"
        },
        "south": {
          "uv": [
            8.75,
            7.5,
            9.5,
            8.5
          ],
          "texture": "#0"
        },
        "west": {
          "uv": [
            8.5,
            7.5,
            8.75,
            8.5
          ],
          "texture": "#0"
        },
        "up": {
          "uv": [
            8.5,
            7.5,
            7.75,
            7.25
          ],
          "texture": "#0"
        },
        "down": {
          "uv": [
            9.25,
            7.25,
            8.5,
            7.5
          ],
          "texture": "#0"
        }
      }
    },
    {
      "from": [
        4.71,
        6.145,
        -3.64
      ],
      "to": [
        11.71,
        6.145,
        2.36
      ],
      "rotation": {
        "angle": 22.5,
        "axis": "x",
        "origin": [
          8,
          6,
          -4.8
        ]
      },
      "faces": {
        "north": {
          "uv": [
            9,
            1.5,
            10.75,
            1.5
          ],
          "texture": "#0"
        },
        "east": {
          "uv": [
            7.5,
            1.5,
            9,
            1.5
          ],
          "texture": "#0"
        },
        "south": {
          "uv": [
            12.25,
            1.5,
            14,
            1.5
          ],
          "texture": "#0"
        },
        "west": {
          "uv": [
            10.75,
            1.5,
            12.25,
            1.5
          ],
          "texture": "#0"
        },
        "up": {
          "uv": [
            10.75,
            1.5,
            9,
            0
          ],
          "texture": "#0"
        },
        "down": {
          "uv": [
            12.5,
            0,
            10.75,
            1.5
          ],
          "texture": "#0"
        }
      }
    },
    {
      "from": [
        7.13,
        0.13,
        7.29
      ],
      "to": [
        9.13,
        5.13,
        8.29
      ],
      "rotation": {
        "angle": 0,
        "axis": "x",
        "origin": [
          8,
          1,
          7.29
        ]
      },
      "faces": {
        "north": {
          "uv": [
            0.25,
            8.25,
            0.75,
            9.5
          ],
          "texture": "#0"
        },
        "east": {
          "uv": [
            0,
            8.25,
            0.25,
            9.5
          ],
          "texture": "#0"
        },
        "south": {
          "uv": [
            1,
            8.25,
            1.5,
            9.5
          ],
          "texture": "#0"
        },
        "west": {
          "uv": [
            0.75,
            8.25,
            1,
            9.5
          ],
          "texture": "#0"
        },
        "up": {
          "uv": [
            0.75,
            8.25,
            0.25,
            8
          ],
          "texture": "#0"
        },
        "down": {
          "uv": [
            1.25,
            8,
            0.75,
            8.25
          ],
          "texture": "#0"
        }
      }
    },
    {
      "from": [
        7.13,
        1.13,
        8.29
      ],
      "to": [
        9.13,
        4.13,
        9.29
      ],
      "rotation": {
        "angle": 0,
        "axis": "x",
        "origin": [
          8,
          1,
          8.29
        ]
      },
      "faces": {
        "north": {
          "uv": [
            1.75,
            8.25,
            2.25,
            9
          ],
          "texture": "#0"
        },
        "east": {
          "uv": [
            1.5,
            8.25,
            1.75,
            9
          ],
          "texture": "#0"
        },
        "south": {
          "uv": [
            2.5,
            8.25,
            3,
            9
          ],
          "texture": "#0"
        },
        "west": {
          "uv": [
            2.25,
            8.25,
            2.5,
            9
          ],
          "texture": "#0"
        },
        "up": {
          "uv": [
            2.25,
            8.25,
            1.75,
            8
          ],
          "texture": "#0"
        },
        "down": {
          "uv": [
            2.75,
            8,
            2.25,
            8.25
          ],
          "texture": "#0"
        }
      }
    },
    {
      "from": [
        7.13,
        1.13,
        6.29
      ],
      "to": [
        9.13,
        4.13,
        7.29
      ],
      "rotation": {
        "angle": 0,
        "axis": "x",
        "origin": [
          8,
          1,
          6.29
        ]
      },
      "faces": {
        "north": {
          "uv": [
            3.25,
            8.25,
            3.75,
            9
          ],
          "texture": "#0"
        },
        "east": {
          "uv": [
            3,
            8.25,
            3.25,
            9
          ],
          "texture": "#0"
        },
        "south": {
          "uv": [
            4,
            8.25,
            4.5,
            9
          ],
          "texture": "#0"
        },
        "west": {
          "uv": [
            3.75,
            8.25,
            4,
            9
          ],
          "texture": "#0"
        },
        "up": {
          "uv": [
            3.75,
            8.25,
            3.25,
            8
          ],
          "texture": "#0"
        },
        "down": {
          "uv": [
            4.25,
            8,
            3.75,
            8.25
          ],
          "texture": "#0"
        }
      }
    }
  ],
  "display": {
    "thirdperson_righthand": {
      "rotation": [
        89,
        0,
        0
      ],
      "translation": [
        0,
        0.25,
        7.25
      ]
    },
    "thirdperson_lefthand": {
      "rotation": [
        91.75,
        0,
        0
      ],
      "translation": [
        0,
        0.25,
        7.75
      ]
    },
    "firstperson_righthand": {
      "rotation": [
        62,
        0,
        0
      ],
      "translation": [
        6.5,
        1.25,
        0
      ]
    },
    "firstperson_lefthand": {
      "rotation": [
        62,
        0,
        0
      ],
      "translation": [
        6.25,
        0,
        0
      ]
    },
    "ground": {
      "translation": [
        0,
        4.5,
        0
      ]
    },
    "gui": {
      "rotation": [
        81.59,
        -54.73,
        69.06
      ],
      "translation": [
        -5,
        -1,
        0
      ],
      "scale": [
        1,
        0.78,
        0.73
      ]
    },
    "fixed": {
      "rotation": [
        74,
        -66,
        75
      ],
      "translation": [
        -5.5,
        0,
        0
      ]
    }
  },
  "groups": [
    {
      "name": "bone",
      "origin": [
        8,
        0,
        7
      ],
      "color": 0,
      "children": [
        0,
        1,
        2,
        3,
        4,
        5,
        6,
        7,
        8,
        9,
        10,
        11,
        12,
        13,
        14,
        15
      ]
    }
  ]
}