{
  "_fv": 66,
  "_type": "tool",
  "definition": {
    "toolType": "Sword",
    "renderType": 1,
    "blockingRenderType": 0,
    "texture": "minecraft:iron_sword",
    "customModelName": "blood_katana:default",
    "blockingModelName": "Normal blocking",
    "name": "§4Blood §cKatana",
    "specialInformation": {
      "fixedValue": [
        "§7A cursed blade imbued with dark power",
        "§eRight-click : Dash forward a short distance",
        "§9Passive: §bLife-steal with each strike",
        "§9Cooldown : 2 sec"
      ]
    },
    "creativeTabs": [
      {
        "value": "CUSTOM:FineTunedWeapons"
      }
    ],
    "efficiency": 4.0,
    "attackSpeed": 2.0,
    "enchantability": 15,
    "damageVsEntity": 13.0,
    "usageCount": 300,
    "glowCondition": {
      "fixedValue": true
    },
    "repairItems": [],
    "immuneToFire": false,
    "blockDropsTier": "IRON",
    "blocksAffected": [],
    "stayInGridWhenCrafting": false,
    "damageOnCrafting": false,
    "onRightClickedInAir": {
      "name": "ClassicKatanaRightclicked"
    }
  }
}