{
  "_fv": 66,
  "_type": "tool",
  "definition": {
    "toolType": "Sword",
    "renderType": 1,
    "blockingRenderType": 0,
    "texture": "minecraft:axolotl_bucket",
    "customModelName": "moonrayys_sword:default",
    "blockingModelName": "Normal blocking",
    "name": "§5Moon's §dLunar Bloomfang",
    "specialInformation": {
      "fixedValue": [
        "§7A mystical blade imbued with the power of the lunar bloom",
        "§eRight-click : tame nearby passive mobs",
        "§9Passive: §bOn kill, enrich the soil with a bone meal effect",
        "§9Cooldown : 30 sec"
      ]
    },
    "creativeTabs": [
      {
        "value": "CUSTOM:FineTunedWeapons"
      }
    ],
    "efficiency": 4.0,
    "attackSpeed": 2.5,
    "enchantability": 15,
    "damageVsEntity": 12.0,
    "usageCount": 350,
    "glowCondition": {
      "fixedValue": false
    },
    "repairItems": [
      {
        "value": "Items.IRON_INGOT"
      }
    ],
    "immuneToFire": false,
    "blockDropsTier": "WOOD",
    "blocksAffected": [],
    "stayInGridWhenCrafting": false,
    "damageOnCrafting": false,
    "onRightClickedInAir": {
      "name": "MoonsLunarBloomfangRightclicked"
    }
  }
}