{
  "_fv": 66,
  "_type": "recipe",
  "definition": {
    "recipeType": "Crafting",
    "recipeRetstackSize": 1,
    "group": "",
    "cookingBookCategory": "MISC",
    "xpReward": 0.0,
    "cookingTime": 200,
    "craftingBookCategory": "MISC",
    "recipeShapeless": false,
    "recipeSlots": [
      {
        "value": "Blocks.RED_FLOWER"
      },
      {
        "value": "Items.GOLDEN_APPLE"
      },
      {
        "value": "Blocks.RED_FLOWER"
      },
      {
        "value": "Items.DIAMOND"
      },
      {
        "value": "Items.IRON_SWORD"
      },
      {
        "value": "Items.DIAMOND"
      },
      {
        "value": "Blocks.RED_FLOWER"
      },
      {
        "value": "Items.DIAMOND"
      },
      {
        "value": "Blocks.RED_FLOWER"
      }
    ],
    "recipeReturnStack": {
      "value": "CUSTOM:MoonsLunarBloomfang"
    },
    "name": "moons_lunar_bloomfang_recipe",
    "namespace": "mod"
  }
}