{
  "_fv": 66,
  "_type": "recipe",
  "definition": {
    "recipeType": "Crafting",
    "recipeRetstackSize": 2,
    "group": "",
    "cookingBookCategory": "MISC",
    "xpReward": 0.0,
    "cookingTime": 200,
    "craftingBookCategory": "MISC",
    "recipeShapeless": false,
    "recipeSlots": [
      {
        "value": ""
      },
      {
        "value": "Items.IRON_SWORD"
      },
      {
        "value": ""
      },
      {
        "value": "Items.GOLD_INGOT"
      },
      {
        "value": "Items.BOOK"
      },
      {
        "value": "Items.GOLD_INGOT"
      },
      {
        "value": "Items.GOLD_INGOT"
      },
      {
        "value": "Items.GOLD_INGOT"
      },
      {
        "value": "Items.GOLD_INGOT"
      }
    ],
    "recipeReturnStack": {
      "value": "CUSTOM:Weapontemplate"
    },
    "name": "weapon_template_recipe",
    "namespace": "mod"
  }
}