{
	"credit": "Made with Blockbench",
	"parent": "katana",
	"texture_size": [32, 32],
	"textures": {
		"0": "Kurasai_katana_texture",
		"particle": "Kurasai_katana_texture"
	},
	"elements": [
		{
			"from": [7, 0, 7],
			"to": [9, 7, 9],
			"rotation": {"angle": 0, "axis": "y", "origin": [7, 0, 7]},
			"faces": {
				"north": {"uv": [4, 0, 5, 3.5], "texture": "#0"},
				"east": {"uv": [2, 4, 3, 7.5], "texture": "#0"},
				"south": {"uv": [3, 4, 4, 7.5], "texture": "#0"},
				"west": {"uv": [4, 3.5, 5, 7], "texture": "#0"},
				"up": {"uv": [6, 1, 5, 0], "texture": "#0"},
				"down": {"uv": [6, 1, 5, 2], "texture": "#0"}
			}
		},
		{
			"from": [7, 7, 8],
			"to": [9, 29, 8],
			"rotation": {"angle": 0, "axis": "y", "origin": [7, 7, 7]},
			"faces": {
				"north": {"uv": [0, 0, 1, 11], "texture": "#0"},
				"east": {"uv": [0, 0, 0, 11], "texture": "#0"},
				"south": {"uv": [1, 0, 2, 11], "texture": "#0"},
				"west": {"uv": [0, 0, 0, 11], "texture": "#0"},
				"up": {"uv": [1, 0, 0, 0], "texture": "#0"},
				"down": {"uv": [1, 0, 0, 0], "texture": "#0"}
			}
		}
	],
	"display": {
		"thirdperson_righthand": {
			"rotation": [0, -90, 0],
			"translation": [0.25, 2.75, 1.5]
		},
		"thirdperson_lefthand": {
			"rotation": [0, 90, 0],
			"translation": [0, 3, 1.5]
		},
		"firstperson_righthand": {
			"rotation": [-5, -80, 0],
			"translation": [5.5, -0.5, -4]
		},
		"firstperson_lefthand": {
			"rotation": [0, 88, -2],
			"translation": [5.25, -2.25, -6]
		},
		"ground": {
			"rotation": [-90, 0, 0]
		},
		"gui": {
			"rotation": [0, 0, -45],
			"translation": [-3, -3, 0],
			"scale": [1, 0.67, 1]
		},
		"fixed": {
			"rotation": [0, 0, 55],
			"translation": [4.25, -3.5, -0.75]
		}
	},
	"groups": [
		{
			"name": "Katana",
			"origin": [0, 0, 0],
			"color": 0,
			"children": [0, 1]
		}
	]
}