{
	"credit": "Made with Blockbench",
	"parent": "classic_pole",
	"texture_size": [128, 128],
	"textures": {
		"2": "classic_pole_texture",
		"particle": "classic_pole_texture"
	},
	"elements": [
		{
			"from": [7.74706, 0.10399, 7],
			"to": [8.74706, 1.10399, 9],
			"rotation": {"angle": 0, "axis": "y", "origin": [9.74706, 42.60399, 7.5]},
			"faces": {
				"north": {"uv": [5.375, 10.875, 5.5, 11], "texture": "#2"},
				"east": {"uv": [5.125, 10.875, 5.375, 11], "texture": "#2"},
				"south": {"uv": [5.75, 10.875, 5.875, 11], "texture": "#2"},
				"west": {"uv": [5.5, 10.875, 5.75, 11], "texture": "#2"},
				"up": {"uv": [5.5, 10.875, 5.375, 10.625], "texture": "#2"},
				"down": {"uv": [5.625, 10.625, 5.5, 10.875], "texture": "#2"}
			}
		},
		{
			"from": [7.24824, 13, 6.5],
			"to": [10.24824, 20, 9.5],
			"rotation": {"angle": 0, "axis": "y", "origin": [9.74824, 46.60339, 7.5]},
			"faces": {
				"north": {"uv": [1.875, 10.75, 2.25, 11.625], "texture": "#2"},
				"east": {"uv": [1.5, 10.75, 1.875, 11.625], "texture": "#2"},
				"south": {"uv": [2.625, 10.75, 3, 11.625], "texture": "#2"},
				"west": {"uv": [2.25, 10.75, 2.625, 11.625], "texture": "#2"},
				"up": {"uv": [2.25, 10.75, 1.875, 10.375], "texture": "#2"},
				"down": {"uv": [2.625, 10.375, 2.25, 10.75], "texture": "#2"}
			}
		},
		{
			"from": [6.74824, 2, 6],
			"to": [10.74824, 3, 10],
			"rotation": {"angle": 0, "axis": "y", "origin": [9.74824, 21.60339, 7.5]},
			"faces": {
				"north": {"uv": [13.375, 13.875, 13.875, 14], "texture": "#2"},
				"east": {"uv": [12.875, 13.875, 13.375, 14], "texture": "#2"},
				"south": {"uv": [14.375, 13.875, 14.875, 14], "texture": "#2"},
				"west": {"uv": [13.875, 13.875, 14.375, 14], "texture": "#2"},
				"up": {"uv": [13.875, 13.875, 13.375, 13.375], "texture": "#2"},
				"down": {"uv": [14.375, 13.375, 13.875, 13.875], "texture": "#2"}
			}
		},
		{
			"from": [6.74824, -5.89661, 6],
			"to": [10.74824, -4.89661, 10],
			"rotation": {"angle": 0, "axis": "y", "origin": [9.74824, 29.60339, 7.5]},
			"faces": {
				"north": {"uv": [13.875, 12.375, 14.375, 12.5], "texture": "#2"},
				"east": {"uv": [13.375, 12.375, 13.875, 12.5], "texture": "#2"},
				"south": {"uv": [14.875, 12.375, 15.375, 12.5], "texture": "#2"},
				"west": {"uv": [14.375, 12.375, 14.875, 12.5], "texture": "#2"},
				"up": {"uv": [14.375, 12.375, 13.875, 11.875], "texture": "#2"},
				"down": {"uv": [14.875, 11.875, 14.375, 12.375], "texture": "#2"}
			}
		},
		{
			"from": [7.74824, 12, 7],
			"to": [8.74824, 21, 9],
			"rotation": {"angle": 0, "axis": "y", "origin": [9.74824, 64.60339, 7.5]},
			"faces": {
				"north": {"uv": [4.375, 10.875, 4.5, 12], "texture": "#2"},
				"east": {"uv": [4.125, 10.875, 4.375, 12], "texture": "#2"},
				"south": {"uv": [4.75, 10.875, 4.875, 12], "texture": "#2"},
				"west": {"uv": [4.5, 10.875, 4.75, 12], "texture": "#2"},
				"up": {"uv": [4.5, 10.875, 4.375, 10.625], "texture": "#2"},
				"down": {"uv": [4.625, 10.625, 4.5, 10.875], "texture": "#2"}
			}
		},
		{
			"from": [7.24824, -5, 6.5],
			"to": [10.24824, 2, 9.5],
			"rotation": {"angle": 0, "axis": "y", "origin": [9.74824, 49.60339, 7.5]},
			"faces": {
				"north": {"uv": [0.375, 10.75, 0.75, 11.625], "texture": "#2"},
				"east": {"uv": [0, 10.75, 0.375, 11.625], "texture": "#2"},
				"south": {"uv": [1.125, 10.75, 1.5, 11.625], "texture": "#2"},
				"west": {"uv": [0.75, 10.75, 1.125, 11.625], "texture": "#2"},
				"up": {"uv": [0.75, 10.75, 0.375, 10.375], "texture": "#2"},
				"down": {"uv": [1.125, 10.375, 0.75, 10.75], "texture": "#2"}
			}
		},
		{
			"from": [6.74824, 12, 6],
			"to": [10.74824, 13, 10],
			"rotation": {"angle": 0, "axis": "y", "origin": [9.74824, 55.60339, 7.5]},
			"faces": {
				"north": {"uv": [13.75, 13.125, 14.25, 13.25], "texture": "#2"},
				"east": {"uv": [13.25, 13.125, 13.75, 13.25], "texture": "#2"},
				"south": {"uv": [14.75, 13.125, 15.25, 13.25], "texture": "#2"},
				"west": {"uv": [14.25, 13.125, 14.75, 13.25], "texture": "#2"},
				"up": {"uv": [14.25, 13.125, 13.75, 12.625], "texture": "#2"},
				"down": {"uv": [14.75, 12.625, 14.25, 13.125], "texture": "#2"}
			}
		},
		{
			"from": [6.74824, 20, 6],
			"to": [10.74824, 21, 10],
			"rotation": {"angle": 0, "axis": "y", "origin": [9.74824, 63.60339, 7.5]},
			"faces": {
				"north": {"uv": [9.5, 13.75, 10, 13.875], "texture": "#2"},
				"east": {"uv": [9, 13.75, 9.5, 13.875], "texture": "#2"},
				"south": {"uv": [10.5, 13.75, 11, 13.875], "texture": "#2"},
				"west": {"uv": [10, 13.75, 10.5, 13.875], "texture": "#2"},
				"up": {"uv": [10, 13.75, 9.5, 13.25], "texture": "#2"},
				"down": {"uv": [10.5, 13.25, 10, 13.75], "texture": "#2"}
			}
		},
		{
			"from": [7.49824, -6.5, 6.75],
			"to": [8.99824, 3, 9.25],
			"rotation": {"angle": 0, "axis": "y", "origin": [9.74824, 46.60339, 7.5]},
			"faces": {
				"north": {"uv": [3.375, 10.875, 3.5, 12], "texture": "#2"},
				"east": {"uv": [3.125, 10.875, 3.375, 12], "texture": "#2"},
				"south": {"uv": [3.75, 10.875, 3.875, 12], "texture": "#2"},
				"west": {"uv": [3.5, 10.875, 3.75, 12], "texture": "#2"},
				"up": {"uv": [3.5, 10.875, 3.375, 10.625], "texture": "#2"},
				"down": {"uv": [3.625, 10.625, 3.5, 10.875], "texture": "#2"}
			}
		},
		{
			"from": [7.74824, 3, 7],
			"to": [9.74824, 12, 9],
			"rotation": {"angle": 0, "axis": "y", "origin": [9.74824, 82.60339, 7.5]},
			"faces": {
				"north": {"uv": [10.75, 10.75, 11, 11.875], "texture": "#2"},
				"east": {"uv": [10.5, 10.75, 10.75, 11.875], "texture": "#2"},
				"south": {"uv": [11.25, 10.75, 11.5, 11.875], "texture": "#2"},
				"west": {"uv": [11, 10.75, 11.25, 11.875], "texture": "#2"},
				"up": {"uv": [11, 10.75, 10.75, 10.5], "texture": "#2"},
				"down": {"uv": [11.25, 10.5, 11, 10.75], "texture": "#2"}
			}
		}
	],
	"display": {
		"thirdperson_righthand": {
			"translation": [0, 0, 1.75],
			"scale": [0.75, 1, 0.75]
		},
		"thirdperson_lefthand": {
			"translation": [0.5, 0, 1.75],
			"scale": [0.75, 1, 0.75]
		},
		"firstperson_righthand": {
			"translation": [0, 1.25, 0],
			"scale": [0.75, 1, 0.75]
		},
		"firstperson_lefthand": {
			"scale": [0.75, 1, 0.75]
		},
		"ground": {
			"rotation": [0, 0, -89]
		},
		"gui": {
			"rotation": [0, 0, -51],
			"translation": [-0.25, 0.5, 0],
			"scale": [0.75, 0.7, 0.75]
		},
		"fixed": {
			"rotation": [0, 0, -57]
		}
	},
	"groups": [
		{
			"name": "root",
			"origin": [8, 0, 8],
			"color": 0,
			"children": [
				{
					"name": "dragonScythe",
					"origin": [8.74706, -1.39601, 8],
					"color": 0,
					"children": [
						0,
						{
							"name": "hangingLayer4",
							"origin": [9.74706, 42.60399, 7.5],
							"color": 0,
							"children": []
						},
						{
							"name": "dragonScytheHanging_1",
							"origin": [9.74077, 12.0902, 8],
							"color": 0,
							"children": [
								{
									"name": "dragonScytheHolder",
									"origin": [8.74824, 25.10339, 8],
									"color": 0,
									"children": [1, 2, 3]
								},
								{
									"name": "hangingLayer",
									"origin": [9.74824, 44.60339, 7.5],
									"color": 0,
									"children": []
								},
								{
									"name": "dragonScytheHanging_2",
									"origin": [7.74824, 39.10339, 8],
									"color": 0,
									"children": [
										4,
										{
											"name": "dragonScytheHolder2",
											"origin": [8.74824, 25.10339, 8],
											"color": 0,
											"children": [5, 6, 7]
										},
										{
											"name": "hangingLayer3",
											"origin": [9.74824, 64.60339, 7.5],
											"color": 0,
											"children": [8]
										},
										{
											"name": "dragonScytheHanging_3",
											"origin": [9.74824, 59.10339, 8],
											"color": 0,
											"children": [
												9,
												{
													"name": "hangingLayer2",
													"origin": [9.74824, 84.60339, 7.5],
													"color": 0,
													"children": []
												},
												{
													"name": "dragonScytheBlade",
													"origin": [9.74824, 79.10339, 8],
													"color": 0,
													"children": [
														{
															"name": "dragonScytheBlade_1",
															"origin": [18.59824, 81.00339, 8],
															"color": 0,
															"children": [
																{
																	"name": "dragonScythe_2",
																	"origin": [34.32725, 81.39911, 8],
																	"color": 0,
																	"children": []
																}
															]
														}
													]
												}
											]
										}
									]
								}
							]
						}
					]
				}
			]
		}
	]
}