{
  "type": "minecraft:crafting_shaped",
  "category": "misc",
  "pattern": [
    " a ",
    "bcb",
    "ded"
  ],
  "key": {
    "a": {
      "item": "fine_tuned_weaponry:weapontemplate"
    },
    "b": {
      "item": "minecraft:golden_apple"
    },
    "c": {
      "item": "fine_tuned_weaponry:classic_katana"
    },
    "d": {
      "item": "minecraft:diamond"
    },
    "e": {
      "item": "minecraft:lightning_rod"
    }
  },
  "result": {
    "id": "fine_tuned_weaponry:kurasai_katana",
    "count": 1
  }
}